文明id,名称,特色区域id,文明能力,是否首期纳入,备注,数据来源,待核
CIVILIZATION_AKKAD,阿卡德,无,无,否,无,一手,否
CIVILIZATION_AMERICA,美国,无,美国特色建筑：电影制片厂：LOC_TRAIT_CIVILIZATION_BUILDING_FILM_STUDIO_DESCRIPTION；开国元勋：当前政体的所有外交政策槽位均转为通配符槽位。其政体中每个通配符槽位每回合提供+1 外交支持。,否,无,一手,否
CIVILIZATION_ANTANANARIVO,塔那那利佛,无,无,否,无,一手,否
CIVILIZATION_ANTIOCH,威尼斯,无,无,否,无,一手,否
CIVILIZATION_ARABIA,阿拉伯,无,最后的预言家：当倒数第二个 预言家被招募后（如果您尚未获得 大预言家），自动获得最后一个大预言家。每座信奉阿拉伯宗教的外国城市+1 科技值。,否,无,一手,否
CIVILIZATION_ARMAGH,阿尔马,无,无,否,无,一手,否
CIVILIZATION_AUCKLAND,奥克兰,无,无,否,无,一手,否
CIVILIZATION_AUSTRALIA,澳大利亚,无,南方大陆：为所有海岸城市+3 住房。牧场可触发文化炸弹。拥有迷人魅力的单元格中的学院、商业中心、圣地和剧院的产出+1；惊艳的单元格则产出+3。,否,无,一手,否
CIVILIZATION_AYUTTHAYA,阿瑜陀耶,无,无,否,无,一手,否
CIVILIZATION_AZTEC,阿兹特克,无,五个太阳的传说：使用建造者劳动力来推进20%的区域建设进程。,否,无,一手,否
CIVILIZATION_BABYLON,安善,无,无,否,无,一手,否
CIVILIZATION_BABYLON_STK,巴比伦,无,巴比伦诸神：尤里卡提供科技的所有 科技值。每回合的 科技值-50%。,否,无,一手,否
CIVILIZATION_BARBARIAN,野蛮人,无,无,否,无,一手,否
CIVILIZATION_BOLOGNA,博洛尼亚,无,无,否,无,一手,否
CIVILIZATION_BRAZIL,巴西,DISTRICT_STREET_CARNIVAL|DISTRICT_WATER_STREET_CARNIVAL,亚马逊：雨林单元格为学院、商业中心、圣地和剧院广场区域提供+1相邻加成，并为相邻的单元格提供+1魅力（而非通常的-1。）,否,无,一手,否
CIVILIZATION_BRUSSELS,布鲁塞尔,无,无,否,无,一手,否
CIVILIZATION_BUENOS_AIRES,布宜诺斯艾利斯,无,无,否,无,一手,否
CIVILIZATION_BYZANTIUM,拜占庭,DISTRICT_HIPPODROME,天授规矩：每有1座圣城皈依拜占庭的宗教（也包括拜占庭的圣城），单位便获得+3 战斗力或 宗教战斗力。击杀敌方文明或城邦的单位时，拜占庭的宗教将传播到附近的城市。如城市拥有圣地区域，其提供的 大预言家点数+1。,否,无,一手,否
CIVILIZATION_CAGUANA,卡瓜纳,无,无,否,无,一手,否
CIVILIZATION_CAHOKIA,卡霍基亚,无,无,否,无,一手,否
CIVILIZATION_CANADA,加拿大,无,和平四颜：无法对城邦宣战或发动突袭战争。无法对加拿大发动突袭战争。每回合每获得100点 旅游业绩，即可每回合获得1点 外交支持。成功完成紧急状况或积分竞赛后+100% 外交支持。,否,无,一手,否
CIVILIZATION_CARDIFF,加的夫,无,无,否,无,一手,否
CIVILIZATION_CHINA,中国,无,朝代更替：尤里卡和 鼓舞提供50%的科技与市政，而非40%。建成奇观时将获得奇观所处时代的一项随机 尤里卡和 鼓舞（如可用）。,否,无,一手,否
CIVILIZATION_CHINGUETTI,欣盖提,无,无,否,无,一手,否
CIVILIZATION_CREE,克里,无,林地克里人：+1 贸易路线容量，拥有制陶术科技后获得1个免费商人。商人首次进入克里城市3个单元格内的无主单元格后，这些单元格将划入克里领土中。,否,无,一手,否
CIVILIZATION_EGYPT,埃及,无,古尼罗河：在江河旁建造区域与奇观时 生产力+15%。不会受到洪水的损害。,否,无,一手,否
CIVILIZATION_ENGLAND,英国,DISTRICT_ROYAL_NAVY_DOCKYARD,世界工厂：每回合收集的铁与煤额外增加2点。生产军事工程师时+100% 生产力。军事工程师+2建造次数。拥有电力供给时，建筑的额外产出+4。建造工业区建筑时+20% 生产力。港口使战略资源储备+10（标准速度下）。,否,无,一手,否
CIVILIZATION_ETHIOPIA,埃塞俄比亚,无,阿克苏姆的遗产：埃塞俄比亚的国际贸易路线起点处每拥有一种资源，其提供的 信仰值便+0.5。城市每拥有一种重复的改良资源，其提供的 信仰值便+1。可用信仰值购买考古博物馆和考古学家。,否,无,一手,否
CIVILIZATION_FEZ,非斯,无,无,否,无,一手,否
CIVILIZATION_FRANCE,法国,无,游学：为中世纪、文艺复兴时期和工业时代的奇观+20% 生产力。 所有奇观的 旅游业绩+100%。,否,无,一手,否
CIVILIZATION_FREE_CITIES,自由城市,无,无,否,无,一手,否
CIVILIZATION_GAUL,高卢,DISTRICT_OPPIDUM,哈尔施塔特文化：矿山为所有区域提供少量相邻加成、对无主领土施放文化炸弹，并+1 文化值。特色区域与其他区域相邻时不会获得少量相邻加成；特色区域也无法建在市中心旁。,否,无,一手,否
CIVILIZATION_GENEVA,日内瓦,无,无,否,无,一手,否
CIVILIZATION_GEORGIA,格鲁吉亚,无,团结就是力量：在黄金或英雄时代初期设置着力点时，除原有加成外还将获得提高时代得分的普通时代加成。建造防御性建筑时+50% 生产力。,否,无,一手,否
CIVILIZATION_GERMANY,德国,DISTRICT_HANSA,自由帝国城市：每座城市都能建造比平常多一个区域（无视 人口数量限制）。,否,无,一手,否
CIVILIZATION_GRANADA,格拉纳达,无,无,否,无,一手,否
CIVILIZATION_GRAN_COLOMBIA,大哥伦比亚,无,爱国军：所有单位+1 移动力。升级单位不会结束其回合。,否,无,一手,否
CIVILIZATION_GREECE,希腊,DISTRICT_ACROPOLIS,柏拉图的理想国：每种政体可获得一个额外的通配符槽位。,否,无,一手,否
CIVILIZATION_HATTUSA,哈图沙,无,无,否,无,一手,否
CIVILIZATION_HONG_KONG,香港,无,无,否,无,一手,否
CIVILIZATION_HUNGARY,匈牙利,无,多瑙河之珠：在市中心河对岸修建区域与建筑时+50% 生产力。,否,无,一手,否
CIVILIZATION_HUNZA,罕萨,无,无,否,无,一手,否
CIVILIZATION_INCA,印加,无,米塔制度：公民可改良山脉单元格。山脉单元格提供+2 生产力，游戏进入工业时代后额外+1 生产力。每与一个梯田农场相邻，山脉单元格则+1 食物。,否,无,一手,否
CIVILIZATION_INDIA,印度,无,达摩：从城市中的每个宗教（其须拥有至少1个信徒）获得信徒信仰加成。城市从每个宗教（须有至少1个信徒）获得1点 宜居度。传教士的传播次数+2。来自 贸易路线的宗教压力+100%。,否,无,一手,否
CIVILIZATION_INDONESIA,印度尼西亚,无,伟大千岛之国：海岸和湖泊单元格可为圣地、学院、工业区和剧院广场提供少量相邻加成。如与海岸或湖泊单元格相邻，娱乐设施+1 宜居度。,否,无,一手,否
CIVILIZATION_JAKARTA,斯里巴加湾,无,无,否,无,一手,否
CIVILIZATION_JAPAN,日本,无,明治维新：当区域与区域相邻时，所有区域获得一个额外的标准相邻加成。,否,无,一手,否
CIVILIZATION_JERUSALEM,耶路撒冷,无,无,否,无,一手,否
CIVILIZATION_JOHANNESBURG,约翰内斯堡,无,无,否,无,一手,否
CIVILIZATION_KABUL,喀布尔,无,无,否,无,一手,否
CIVILIZATION_KANDY,康提,无,无,否,无,一手,否
CIVILIZATION_KHMER,高棉,无,大人工湖：拥有“水渠”的城市从娱乐设施获得的 宜居度+1；每有1点 人口，则+1 信仰值。农场与水渠相邻时，提供的 食物+2；与圣地相邻时，提供的 信仰值+1。,否,无,一手,否
CIVILIZATION_KONGO,刚果,DISTRICT_MBANZA,精神实体：除了通常的 文化值，还会从每个 遗物、 文物以及 雕塑艺术巨作中获得+2 食物、+2 生产力、+1 信仰值，及+4 金币。获得的 大艺术家、 大音乐家和 大商人点数+50%。宫殿拥有5个巨作槽位。,否,无,一手,否
CIVILIZATION_KOREA,朝鲜,DISTRICT_SEOWON,三国鼎立：每与一座书院区域相邻，矿山则+1 科技值。每与一座书院区域相邻，农场则+1 食物。,否,无,一手,否
CIVILIZATION_KUMASI,库马西,无,无,否,无,一手,否
CIVILIZATION_LAHORE,拉合尔,无,无,否,无,一手,否
CIVILIZATION_LA_VENTA,拉文塔,无,无,否,无,一手,否
CIVILIZATION_LISBON,摩加迪沙,无,无,否,无,一手,否
CIVILIZATION_MACEDON,马其顿,无,皇家学堂：马其顿特色建筑。该城中训练的陆地近战、远程单位和伙友骑兵+25%战斗经验值。非平民单位在此城中创建时，获得等同于单位花费25%的 科技值。 无法建造在已拥有马厩的军营区域中。；希腊文化融合：征服城市后将获得提升：征服城市中每个军营或学院都会启动 尤里卡、每个圣地和剧院广场都带来 鼓舞。,否,无,一手,否
CIVILIZATION_MALI,马里,DISTRICT_SUGUBA,杰利之歌：每个相邻沙漠或沙漠丘陵单元格为市中心提供+1 信仰值与+1 食物。矿山-1 生产力，但+4 金币。可用 信仰值购买商业中心区域建筑。建造建筑或生产单位时-30% 生产力。,否,无,一手,否
CIVILIZATION_MAORI,毛利,无,帕堡：一种特色改良设施；玛那：游戏初始便解锁“航海术”与“造船术”科技，同时拥有进入海洋单元格的能力。水运单位+2 移动力。未改良的树林与雨林提供+1 生产力。“重商主义”额外提供+1 生产力、“保护地球”额外+2 生产力。渔船提供+1 食物，并向相邻单元格投放文化炸弹。无法收获资源；无法获得 大作家。,否,无,一手,否
CIVILIZATION_MAPUCHE,马普切,无,托奇：总督就职城市提供的 文化值+5%、 生产力+5%，此城市中生产的所有单位的战斗经验值+10%。在非马普切建立的城市中，这些数值将乘以三倍。 总督就职城市9单元格范围内的所有城市每回合对本方文明的忠诚度+4。,否,无,一手,否
CIVILIZATION_MAYA,玛雅,DISTRICT_OBSERVATORY,玛雅布：在淡水和海岸旁定居时不提供额外 住房；但每座农场额外+1 住房、每与一座天文台相邻则+1 生产力、+1 金币。每有一种奢侈品与市中心相邻，则+1 宜居度。,否,无,一手,否
CIVILIZATION_MEXICO_CITY,墨西哥城,无,无,否,无,一手,否
CIVILIZATION_MOHENJO_DARO,摩亨朱-达罗,无,无,否,无,一手,否
CIVILIZATION_MONGOLIA,蒙古,无,驿站：创建 贸易路线后，目的地城市中将立即出现1座 贸易站。在一个文明的任意城市中拥有1座 贸易站后， 外交能见度则上升1级。只要拥有比敌方更高的 外交能见度，所有蒙古单位基础 战斗力加成则翻1倍。,否,无,一手,否
CIVILIZATION_MUSCAT,马斯喀特,无,无,否,无,一手,否
CIVILIZATION_NALANDA,那烂陀,无,无,否,无,一手,否
CIVILIZATION_NAN_MADOL,南马都尔,无,无,否,无,一手,否
CIVILIZATION_NAZCA,纳斯卡,无,无,否,无,一手,否
CIVILIZATION_NETHERLANDS,荷兰,无,大河地带：与河流相邻时，学院、剧院广场和工业区将获得大量加成。建成港口后可对相邻单元格施放文化炸弹。建造堤坝区域和拦洪坝建筑时 生产力+50%。,否,无,一手,否
CIVILIZATION_NGAZARGAMU,纳札加姆,无,无,否,无,一手,否
CIVILIZATION_NORWAY,挪威,无,龙骨船：在研究造船术后，单位获得进入海洋单元格的能力。海军近战单位可在中立领土上回复。单位忽略来自上船和下船的额外 移动力消耗。,否,无,一手,否
CIVILIZATION_NUBIA,努比亚,无,LOC_TRAIT_CIVILIZATION_IMPROVEMENT_PYRAMID_NAME：LOC_TRAIT_CIVILIZATION_IMPROVEMENT_PYRAMID_DESCRIPTION；塔赛提：生产远程单位时+30% 生产力。所有远程单位战斗经验值+50%。战略资源矿产提供+1 生产力。加成和奢侈品资源矿产提供+2 金币。；LOC_TRAIT_CIVILIZATION_UNIT_NUBIAN_PITATI_NAME：LOC_TRAIT_CIVILIZATION_UNIT_NUBIAN_PITATI_DESCRIPTION,否,无,一手,否
CIVILIZATION_OTTOMAN,奥斯曼,无,达达尼尔射石炮：生产攻城单位时 生产力+50%。攻击区域防御时，所有攻城单位+5 战斗力。征服城市不会造成 人口损失。非奥斯曼建立的城市每回合+1 宜居度和+4忠诚度。,否,无,一手,否
CIVILIZATION_PALENQUE,米特拉,无,无,否,无,一手,否
CIVILIZATION_PERSIA,波斯,无,波斯庭院：解锁建造者建造波斯特色建筑波斯庭院的能力。 +1 文化值、+2 金币。+1魅力。每与一座圣地和剧院广场相邻则+1 文化值。每与一座商业中心和市中心相邻则+1 金币。解锁更多科技和市政后可提供更多 文化值和 旅游业绩。无法建在雪地、冻土、雪地丘陵或冻土丘陵上，也无法建在另一座波斯庭院旁。；行省总督：拥有“政治哲学”市政后， 贸易路线容量+1。本国城市之间的路线+2 金币，+1 文化值。本国领土中的道路提升一个等级。；长生军：波斯特色近战单位，替代剑客。此近战单位可进行远程攻击， 范围为2。防御力强。,否,无,一手,否
CIVILIZATION_PHOENICIA,腓尼基,DISTRICT_COTHON,地中海殖民地：游戏开始便激活“写作”科技 尤里卡。腓尼基建造的海岸城市若与 首都在同一大陆，则其忠诚度为100%。开拓者上船后， 移动力与视野范围各+2。开拓者上船和下船无需额外花费 移动力。,否,无,一手,否
CIVILIZATION_POLAND,波兰,无,纺织会馆：波兰特色建筑。从此城开始的国际 贸易路线+2 生产力；国内 贸易路线+4 金币。；贵族民主制：在友好领土内建成军营或堡垒后对相邻单元格施放文化炸弹。当前政体的一个军事政策槽位将转换为一个通配符槽位。；翼骑兵：文艺复兴时期波兰特色单位。如果输出的伤害点数高于敌方，则会将防守的敌方单位弹至后方的单元格中。如防守单位无法后退，则将受到更高的伤害。,否,无,一手,否
CIVILIZATION_PORTUGAL,葡萄牙,无,印度之家：国际 贸易路线必须起源于海岸城市，并只能通往处于海岸上或拥有港口的城市，但所有产出+50%。商人单位在水域中的行动范围+50%，且解锁之后可立即在水域中行动。,否,无,一手,否
CIVILIZATION_PRESLAV,普雷斯拉夫,无,无,否,无,一手,否
CIVILIZATION_RAPA_NUI,拉帕努伊,无,无,否,无,一手,否
CIVILIZATION_ROME,罗马,DISTRICT_BATH,条条大路通罗马：所有您创建或攻占的城市一开始便拥有贸易站。如果位于您 首都的 贸易路线范围内，城市自动建立一条通至罗马的路。您的 贸易路线经过您的城市贸易站+1 金币。,否,无,一手,否
CIVILIZATION_RUSSIA,俄罗斯,DISTRICT_LAVRA,俄罗斯母亲：建立城市可获得额外领土。冻土提供+1 信仰值与+1 生产力。与俄罗斯交战的文明单位如处于俄罗斯领土中，遭遇暴风雪时受到的伤害+100%。,否,无,一手,否
CIVILIZATION_SAMARKAND,撒马尔罕,无,无,否,无,一手,否
CIVILIZATION_SCOTLAND,苏格兰,无,苏格兰启蒙运动：幸福度为快乐的城市额外+5% 科技值、+5% 生产力。快乐的城市中每个学院+1 大科学家点数、每个工业区+1 大工程师点数。欣喜若狂的城市获得的加成将加倍。,否,无,一手,否
CIVILIZATION_SCYTHIA,斯基泰,无,大草原上的人：每次您训练一个轻骑兵或萨卡弓骑手，都可以再获得一个轻骑兵或萨卡弓骑手。,否,无,一手,否
CIVILIZATION_SINGAPORE,新加坡,无,无,否,无,一手,否
CIVILIZATION_SPAIN,西班牙,无,宝藏舰队：解锁“重商主义”后（而非“民族主义”和“动员”）即可组建舰队和无敌舰队。 贸易路线+3 金币、+2 信仰值、+1 生产力。如 贸易路线横跨多个大陆，则这些数值将乘以3倍。如城市处于非原始首都所在大陆，其建成时将获得1名建造者，建造区域时+25% 生产力。,否,无,一手,否
CIVILIZATION_SUMERIA,苏美尔,无,史诗任务：当您占领一个蛮族哨站时，您会获得部落村庄奖励，以及 金币。征用城邦单位费用降低一半。,否,无,一手,否
CIVILIZATION_SWEDEN,瑞典,无,诺贝尔奖：瑞典招募伟人时可获得50点 外交支持（标准速度下）。工厂与大学分别提供瑞典+1 大工程师点数与+1 大科学家点数。如瑞典在游戏中，进入工业时代后将增添3项特色世界议会竞赛。,否,无,一手,否
CIVILIZATION_TARUGA,塔鲁加,无,无,否,无,一手,否
CIVILIZATION_VALLETTA,瓦莱塔,无,无,否,无,一手,否
CIVILIZATION_VATICAN_CITY,梵蒂冈城,无,无,否,无,一手,否
CIVILIZATION_VIETNAM,越南,DISTRICT_THANH,九龙江三角洲：所有陆地特色区域只能建造在雨林、沼泽或树林上。建在这些地貌上的建筑将获得以下收益：建在树林上提供+1 文化值、建在雨林上提供+1 科技值、建在沼泽上提供+1 生产力。拥有“中世纪集市”市政后即可栽种树林。,否,无,一手,否
CIVILIZATION_VILNIUS,维尔纽斯,无,无,否,无,一手,否
CIVILIZATION_WOLIN,沃林,无,无,否,无,一手,否
CIVILIZATION_YEREVAN,埃里温,无,无,否,无,一手,否
CIVILIZATION_ZANZIBAR,桑给巴尔,无,无,否,无,一手,否
CIVILIZATION_ZULU,祖鲁,DISTRICT_IKANDA,部落礼赞：拥有驻军单位的城市每回合忠诚度+3；如驻扎有军团或军队，则+5。如已解锁相关市政，用单位占领城市则可将其升级为军团或军队。,否,无,一手,否
