改良设施id,名称,基础产出,可建地形,前置科技,前置市政,备注,数据来源,待核
IMPROVEMENT_AIRSTRIP,飞机跑道,无,TERRAIN_DESERT|TERRAIN_GRASS|TERRAIN_PLAINS|TERRAIN_SNOW|TERRAIN_TUNDRA,TECH_FLIGHT,无,无,一手,否
IMPROVEMENT_ALCAZAR,阿卡萨城堡,文化:2,TERRAIN_DESERT|TERRAIN_DESERT_HILLS|TERRAIN_GRASS|TERRAIN_GRASS_HILLS|TERRAIN_PLAINS|TERRAIN_PLAINS_HILLS|TERRAIN_SNOW|TERRAIN_SNOW_HILLS|TERRAIN_TUNDRA|TERRAIN_TUNDRA_HILLS,无,无,无,一手,否
IMPROVEMENT_BARBARIAN_CAMP,蛮族哨站,无,TERRAIN_DESERT|TERRAIN_DESERT_HILLS|TERRAIN_GRASS|TERRAIN_GRASS_HILLS|TERRAIN_PLAINS|TERRAIN_PLAINS_HILLS|TERRAIN_SNOW|TERRAIN_SNOW_HILLS|TERRAIN_TUNDRA|TERRAIN_TUNDRA_HILLS,无,无,无,一手,否
IMPROVEMENT_BATEY,巴特依,文化:1,TERRAIN_DESERT|TERRAIN_GRASS|TERRAIN_PLAINS|TERRAIN_SNOW|TERRAIN_TUNDRA,无,无,无,一手,否
IMPROVEMENT_BEACH_RESORT,海滨度假区,无,TERRAIN_DESERT|TERRAIN_GRASS|TERRAIN_PLAINS,TECH_RADIO,无,无,一手,否
IMPROVEMENT_CAMP,营地,生产力:0|粮食:0|金币:2,无,TECH_ANIMAL_HUSBANDRY,无,无,一手,否
IMPROVEMENT_CHATEAU,城堡,文化:2|金币:1,TERRAIN_DESERT|TERRAIN_DESERT_HILLS|TERRAIN_GRASS|TERRAIN_GRASS_HILLS|TERRAIN_PLAINS|TERRAIN_PLAINS_HILLS|TERRAIN_SNOW|TERRAIN_SNOW_HILLS|TERRAIN_TUNDRA|TERRAIN_TUNDRA_HILLS,无,CIVIC_HUMANISM,无,一手,否
IMPROVEMENT_CHEMAMULL,马普切木人,生产力:1,TERRAIN_DESERT|TERRAIN_DESERT_HILLS|TERRAIN_GRASS|TERRAIN_GRASS_HILLS|TERRAIN_PLAINS|TERRAIN_PLAINS_HILLS|TERRAIN_SNOW|TERRAIN_SNOW_HILLS|TERRAIN_TUNDRA|TERRAIN_TUNDRA_HILLS,无,CIVIC_CRAFTSMANSHIP,无,一手,否
IMPROVEMENT_CITY_PARK,市立公园,文化:1,TERRAIN_DESERT|TERRAIN_DESERT_HILLS|TERRAIN_GRASS|TERRAIN_GRASS_HILLS|TERRAIN_PLAINS|TERRAIN_PLAINS_HILLS|TERRAIN_SNOW|TERRAIN_SNOW_HILLS|TERRAIN_TUNDRA|TERRAIN_TUNDRA_HILLS,无,CIVIC_GAMES_RECREATION,无,一手,否
IMPROVEMENT_COLOSSAL_HEAD,巨神头像,信仰:2|文化:0,TERRAIN_DESERT|TERRAIN_DESERT_HILLS|TERRAIN_GRASS|TERRAIN_GRASS_HILLS|TERRAIN_PLAINS|TERRAIN_PLAINS_HILLS|TERRAIN_TUNDRA|TERRAIN_TUNDRA_HILLS,无,无,无,一手,否
IMPROVEMENT_FARM,农场,生产力:0|粮食:1,TERRAIN_GRASS|TERRAIN_GRASS_HILLS|TERRAIN_PLAINS|TERRAIN_PLAINS_HILLS,无,无,无,一手,否
IMPROVEMENT_FEITORIA,商站,生产力:1|金币:4,TERRAIN_COAST,无,无,无,一手,否
IMPROVEMENT_FISHERY,渔场,生产力:0|粮食:1,TERRAIN_COAST,TECH_SAILING,无,无,一手,否
IMPROVEMENT_FISHING_BOATS,渔船,生产力:0|粮食:1|金币:0,无,TECH_SAILING,无,无,一手,否
IMPROVEMENT_FORT,堡垒,无,TERRAIN_DESERT|TERRAIN_DESERT_HILLS|TERRAIN_GRASS|TERRAIN_GRASS_HILLS|TERRAIN_PLAINS|TERRAIN_PLAINS_HILLS|TERRAIN_SNOW|TERRAIN_SNOW_HILLS|TERRAIN_TUNDRA|TERRAIN_TUNDRA_HILLS,TECH_SIEGE_TACTICS,无,无,一手,否
IMPROVEMENT_GEOTHERMAL_PLANT,地热发电厂,生产力:2|科技:1,无,TECH_SYNTHETIC_MATERIALS,无,无,一手,否
IMPROVEMENT_GOLF_COURSE,高尔夫球场,文化:0|金币:2,TERRAIN_GRASS|TERRAIN_GRASS_HILLS|TERRAIN_PLAINS|TERRAIN_PLAINS_HILLS|TERRAIN_SNOW|TERRAIN_SNOW_HILLS|TERRAIN_TUNDRA|TERRAIN_TUNDRA_HILLS,无,CIVIC_REFORMED_CHURCH,无,一手,否
IMPROVEMENT_GOODY_HUT,部落村庄,无,TERRAIN_DESERT|TERRAIN_DESERT_HILLS|TERRAIN_GRASS|TERRAIN_GRASS_HILLS|TERRAIN_PLAINS|TERRAIN_PLAINS_HILLS|TERRAIN_SNOW|TERRAIN_SNOW_HILLS|TERRAIN_TUNDRA|TERRAIN_TUNDRA_HILLS,无,无,无,一手,否
IMPROVEMENT_GREAT_WALL,长城,文化:0|金币:2,TERRAIN_DESERT|TERRAIN_DESERT_HILLS|TERRAIN_GRASS|TERRAIN_GRASS_HILLS|TERRAIN_PLAINS|TERRAIN_PLAINS_HILLS|TERRAIN_SNOW|TERRAIN_SNOW_HILLS|TERRAIN_TUNDRA|TERRAIN_TUNDRA_HILLS,TECH_MASONRY,无,无,一手,否
IMPROVEMENT_HACIENDA,大庄园,生产力:1|粮食:0|金币:2,TERRAIN_GRASS|TERRAIN_GRASS_HILLS|TERRAIN_PLAINS|TERRAIN_PLAINS_HILLS,无,CIVIC_MERCANTILISM,无,一手,否
IMPROVEMENT_ICE_HOCKEY_RINK,冰球场,文化:0|生产力:0|粮食:0,TERRAIN_SNOW|TERRAIN_SNOW_HILLS|TERRAIN_TUNDRA|TERRAIN_TUNDRA_HILLS,无,CIVIC_COLONIALISM,无,一手,否
IMPROVEMENT_KAMPUNG,甘榜屋,生产力:1|粮食:0,TERRAIN_COAST,TECH_SHIPBUILDING,无,无,一手,否
IMPROVEMENT_KURGAN,坟墩,信仰:1|金币:3,TERRAIN_DESERT|TERRAIN_GRASS|TERRAIN_PLAINS|TERRAIN_SNOW|TERRAIN_TUNDRA,TECH_ANIMAL_HUSBANDRY,无,无,一手,否
IMPROVEMENT_LUMBER_MILL,伐木场,生产力:2,无,TECH_CONSTRUCTION,无,无,一手,否
IMPROVEMENT_MAHAVIHARA,大寺,信仰:0|科技:2,TERRAIN_DESERT|TERRAIN_GRASS|TERRAIN_PLAINS|TERRAIN_SNOW|TERRAIN_TUNDRA,无,无,无,一手,否
IMPROVEMENT_MAORI_PA,帕堡,无,TERRAIN_DESERT_HILLS|TERRAIN_GRASS_HILLS|TERRAIN_PLAINS_HILLS|TERRAIN_SNOW_HILLS|TERRAIN_TUNDRA_HILLS,无,无,无,一手,否
IMPROVEMENT_MEKEWAP,棚屋,生产力:1|粮食:0|金币:0,TERRAIN_DESERT|TERRAIN_DESERT_HILLS|TERRAIN_GRASS|TERRAIN_GRASS_HILLS|TERRAIN_PLAINS|TERRAIN_PLAINS_HILLS|TERRAIN_SNOW|TERRAIN_SNOW_HILLS|TERRAIN_TUNDRA|TERRAIN_TUNDRA_HILLS,TECH_POTTERY,无,无,一手,否
IMPROVEMENT_METEOR_GOODY,流星坑,无,TERRAIN_DESERT|TERRAIN_DESERT_HILLS|TERRAIN_GRASS|TERRAIN_GRASS_HILLS|TERRAIN_PLAINS|TERRAIN_PLAINS_HILLS|TERRAIN_SNOW|TERRAIN_SNOW_HILLS|TERRAIN_TUNDRA|TERRAIN_TUNDRA_HILLS,无,无,无,一手,否
IMPROVEMENT_MINE,矿山,生产力:1|科技:0,TERRAIN_DESERT_HILLS|TERRAIN_GRASS_HILLS|TERRAIN_PLAINS_HILLS|TERRAIN_SNOW_HILLS|TERRAIN_TUNDRA_HILLS,TECH_MINING,无,无,一手,否
IMPROVEMENT_MISSILE_SILO,导弹发射井,无,TERRAIN_DESERT|TERRAIN_GRASS|TERRAIN_PLAINS|TERRAIN_SNOW|TERRAIN_TUNDRA,TECH_ROCKETRY,无,无,一手,否
IMPROVEMENT_MISSION,传教团,信仰:2|生产力:0|科技:0|粮食:0,TERRAIN_DESERT|TERRAIN_DESERT_HILLS|TERRAIN_GRASS|TERRAIN_GRASS_HILLS|TERRAIN_PLAINS|TERRAIN_PLAINS_HILLS|TERRAIN_SNOW|TERRAIN_SNOW_HILLS|TERRAIN_TUNDRA|TERRAIN_TUNDRA_HILLS,TECH_EDUCATION,无,无,一手,否
IMPROVEMENT_MOAI,摩艾石像,文化:1,TERRAIN_GRASS|TERRAIN_GRASS_HILLS|TERRAIN_PLAINS|TERRAIN_PLAINS_HILLS,无,无,无,一手,否
IMPROVEMENT_MONASTERY,修道院,信仰:2,TERRAIN_DESERT|TERRAIN_DESERT_HILLS|TERRAIN_GRASS|TERRAIN_GRASS_HILLS|TERRAIN_PLAINS|TERRAIN_PLAINS_HILLS|TERRAIN_SNOW|TERRAIN_SNOW_HILLS|TERRAIN_TUNDRA|TERRAIN_TUNDRA_HILLS,无,无,无,一手,否
IMPROVEMENT_MOUND,卡霍基亚土墩,粮食:0|金币:3,TERRAIN_DESERT|TERRAIN_GRASS|TERRAIN_PLAINS|TERRAIN_TUNDRA,无,无,无,一手,否
IMPROVEMENT_MOUNTAIN_ROAD,印加路网,无,TERRAIN_DESERT_MOUNTAIN|TERRAIN_GRASS_MOUNTAIN|TERRAIN_PLAINS_MOUNTAIN|TERRAIN_SNOW_MOUNTAIN|TERRAIN_TUNDRA_MOUNTAIN,无,CIVIC_FOREIGN_TRADE,无,一手,否
IMPROVEMENT_MOUNTAIN_TUNNEL,穿山隧道,无,TERRAIN_DESERT_MOUNTAIN|TERRAIN_GRASS_MOUNTAIN|TERRAIN_PLAINS_MOUNTAIN|TERRAIN_SNOW_MOUNTAIN|TERRAIN_TUNDRA_MOUNTAIN,TECH_CHEMISTRY,无,无,一手,否
IMPROVEMENT_NAZCA_LINE,纳斯卡巨画,无,TERRAIN_DESERT,无,无,无,一手,否
IMPROVEMENT_OFFSHORE_OIL_RIG,海上石油钻机,生产力:2,TERRAIN_COAST|TERRAIN_OCEAN,TECH_PLASTICS,无,无,一手,否
IMPROVEMENT_OFFSHORE_WIND_FARM,离岸风力发电厂,生产力:2,TERRAIN_COAST,TECH_PREDICTIVE_SYSTEMS,无,无,一手,否
IMPROVEMENT_OIL_WELL,油井,生产力:2,TERRAIN_DESERT|TERRAIN_DESERT_HILLS|TERRAIN_GRASS|TERRAIN_GRASS_HILLS|TERRAIN_PLAINS|TERRAIN_PLAINS_HILLS|TERRAIN_SNOW|TERRAIN_SNOW_HILLS|TERRAIN_TUNDRA|TERRAIN_TUNDRA_HILLS,TECH_REFINING,无,无,一手,否
IMPROVEMENT_OPEN_AIR_MUSEUM,生态博物馆,无,TERRAIN_DESERT|TERRAIN_DESERT_HILLS|TERRAIN_GRASS|TERRAIN_GRASS_HILLS|TERRAIN_PLAINS|TERRAIN_PLAINS_HILLS|TERRAIN_SNOW|TERRAIN_SNOW_HILLS|TERRAIN_TUNDRA|TERRAIN_TUNDRA_HILLS,无,CIVIC_NATIONALISM,无,一手,否
IMPROVEMENT_OUTBACK_STATION,内陆牧场,生产力:1|粮食:1,TERRAIN_DESERT|TERRAIN_DESERT_HILLS|TERRAIN_GRASS|TERRAIN_PLAINS,无,CIVIC_GUILDS,无,一手,否
IMPROVEMENT_PAIRIDAEZA,波斯庭院,文化:1|金币:2,TERRAIN_DESERT|TERRAIN_DESERT_HILLS|TERRAIN_GRASS|TERRAIN_GRASS_HILLS|TERRAIN_PLAINS|TERRAIN_PLAINS_HILLS,无,CIVIC_EARLY_EMPIRE,无,一手,否
IMPROVEMENT_PASTURE,牧场,生产力:1|粮食:0,无,TECH_ANIMAL_HUSBANDRY,无,无,一手,否
IMPROVEMENT_PLANTATION,种植园,生产力:0|粮食:0|金币:2,无,TECH_IRRIGATION,无,无,一手,否
IMPROVEMENT_POLDER,圩田,生产力:1|粮食:1|金币:0,TERRAIN_COAST,无,CIVIC_GUILDS,无,一手,否
IMPROVEMENT_PYRAMID,努比亚金字塔,信仰:2|文化:0|生产力:0|科技:0|粮食:2|金币:0,TERRAIN_DESERT|TERRAIN_DESERT_HILLS,TECH_MASONRY,无,无,一手,否
IMPROVEMENT_QUARRY,采石场,生产力:1|金币:0,无,TECH_MINING,无,无,一手,否
IMPROVEMENT_ROCK_HEWN_CHURCH,独石教堂,信仰:1,TERRAIN_DESERT_HILLS|TERRAIN_GRASS_HILLS|TERRAIN_PLAINS_HILLS|TERRAIN_SNOW_HILLS|TERRAIN_TUNDRA_HILLS,无,CIVIC_DRAMA_POETRY,无,一手,否
IMPROVEMENT_ROMAN_FORT,古罗马堡垒,无,TERRAIN_DESERT|TERRAIN_DESERT_HILLS|TERRAIN_GRASS|TERRAIN_GRASS_HILLS|TERRAIN_PLAINS|TERRAIN_PLAINS_HILLS|TERRAIN_SNOW|TERRAIN_SNOW_HILLS|TERRAIN_TUNDRA|TERRAIN_TUNDRA_HILLS,无,无,无,一手,否
IMPROVEMENT_SEASTEAD,海洋家园,文化:0|生产力:0|粮食:2,TERRAIN_COAST|TERRAIN_OCEAN,TECH_SEASTEADS,无,无,一手,否
IMPROVEMENT_SKI_RESORT,滑雪场,无,TERRAIN_DESERT_MOUNTAIN|TERRAIN_GRASS_MOUNTAIN|TERRAIN_PLAINS_MOUNTAIN|TERRAIN_SNOW_MOUNTAIN|TERRAIN_TUNDRA_MOUNTAIN,无,CIVIC_PROFESSIONAL_SPORTS,无,一手,否
IMPROVEMENT_SOLAR_FARM,太阳能农场,生产力:1|金币:1,TERRAIN_DESERT|TERRAIN_GRASS|TERRAIN_PLAINS|TERRAIN_TUNDRA,TECH_SATELLITES,无,无,一手,否
IMPROVEMENT_SPHINX,狮身人面像,信仰:1|文化:1,TERRAIN_DESERT|TERRAIN_DESERT_HILLS|TERRAIN_GRASS|TERRAIN_GRASS_HILLS|TERRAIN_PLAINS|TERRAIN_PLAINS_HILLS|TERRAIN_TUNDRA|TERRAIN_TUNDRA_HILLS,无,CIVIC_CRAFTSMANSHIP,无,一手,否
IMPROVEMENT_STEPWELL,梯井,信仰:0|粮食:1,TERRAIN_DESERT|TERRAIN_GRASS|TERRAIN_PLAINS|TERRAIN_SNOW|TERRAIN_TUNDRA,TECH_IRRIGATION,无,无,一手,否
IMPROVEMENT_TERRACE_FARM,梯田农场,生产力:0|粮食:1,TERRAIN_DESERT_HILLS|TERRAIN_GRASS_HILLS|TERRAIN_PLAINS_HILLS,无,无,无,一手,否
IMPROVEMENT_TRADING_DOME,圆顶市集,金币:2,TERRAIN_DESERT|TERRAIN_DESERT_HILLS|TERRAIN_GRASS|TERRAIN_GRASS_HILLS|TERRAIN_PLAINS|TERRAIN_PLAINS_HILLS|TERRAIN_SNOW|TERRAIN_SNOW_HILLS|TERRAIN_TUNDRA|TERRAIN_TUNDRA_HILLS,无,无,无,一手,否
IMPROVEMENT_WIND_FARM,风力发电厂,生产力:1|金币:2,TERRAIN_DESERT_HILLS|TERRAIN_GRASS_HILLS|TERRAIN_PLAINS_HILLS|TERRAIN_SNOW_HILLS|TERRAIN_TUNDRA_HILLS,TECH_COMPOSITES,无,无,一手,否
IMPROVEMENT_ZIGGURAT,金字形神塔,文化:0|科技:2,TERRAIN_DESERT|TERRAIN_GRASS|TERRAIN_PLAINS|TERRAIN_SNOW|TERRAIN_TUNDRA,无,无,无,一手,否
