关卡id,名称,文明id,领袖id,已解锁科技,已解锁市政,城市中心坐标,人口,目标类型,目标产出类型,目标值,约束类型,约束值,三星阈值,二星阈值,关卡类别,母题,贪心基线结果
L-01,读山,CIVILIZATION_GERMANY,LEADER_BARBAROSSA,TECH_ASTROLOGY|TECH_WRITING,无,"0,0",4,单一产出达标,科技,3,区域数,2,3,3,教学,无,3
L-02,抱团,CIVILIZATION_GERMANY,LEADER_BARBAROSSA,TECH_ASTROLOGY|TECH_WRITING,CIVIC_STATE_WORKFORCE,"0,0",4,单一产出达标,科技,2.5,区域数,3,2.5,2.5,教学,无,2.5
L-03,枢纽,CIVILIZATION_GERMANY,LEADER_BARBAROSSA,TECH_ASTROLOGY|TECH_WRITING,CIVIC_STATE_WORKFORCE,"0,0",4,单一产出达标,科技,2.5,区域数,3,2.5,2.5,教学,无,2.5
L-05,组团,CIVILIZATION_GERMANY,LEADER_BARBAROSSA,TECH_ASTROLOGY|TECH_CURRENCY|TECH_WRITING,CIVIC_STATE_WORKFORCE,"0,0",4,单一产出达标,科技,1.5,区域数,4,2.5,2,普通,B,1
L-06,先修路,CIVILIZATION_GERMANY,LEADER_BARBAROSSA,TECH_ASTROLOGY|TECH_CURRENCY|TECH_WRITING,CIVIC_STATE_WORKFORCE,"0,0",4,单一产出达标,科技,1.5,区域数,4,2.5,2,普通,C,1
L-08,成团,CIVILIZATION_GERMANY,LEADER_BARBAROSSA,TECH_ASTROLOGY|TECH_CURRENCY|TECH_WRITING,CIVIC_DRAMA_POETRY|CIVIC_STATE_WORKFORCE,"0,0",4,单一产出达标,科技,1.5,区域数,5,3,2.5,普通,E,1
L-09,各自为政,CIVILIZATION_KOREA,LEADER_SEONDEOK,TECH_ASTROLOGY|TECH_CURRENCY|TECH_WRITING,CIVIC_DRAMA_POETRY|CIVIC_STATE_WORKFORCE,"0,0",4,单一产出达标,科技,4,区域数,5,4,4,对照,E,4
L-07,两头顾,CIVILIZATION_GERMANY,LEADER_BARBAROSSA,TECH_ASTROLOGY|TECH_CURRENCY|TECH_WRITING,CIVIC_DRAMA_POETRY|CIVIC_STATE_WORKFORCE,"0,0",4,多产出同时达标,科技|信仰,科技:2|信仰:2,区域数,5,5,4.5,普通,B+C,科技:1|信仰:1
L-10,反着来,CIVILIZATION_KOREA,LEADER_SEONDEOK,TECH_ASTROLOGY|TECH_CURRENCY|TECH_WRITING,CIVIC_DRAMA_POETRY|CIVIC_STATE_WORKFORCE,"0,0",4,多产出同时达标,科技|信仰,科技:3.5|信仰:2,区域数,5,6.5,6,普通,B+C+E,科技:4|信仰:1
